catalouge_id,scan_ref,ext_ref_no,general_shape,scanned_by,PSSA_metric_exterior,PSSA_metric_interior,precision_score_exterior,precision_score_interior,surface_variability_exterior_rmsd,surface_variability_interior_rmsd,geometric_mean_exterior_score,geometric_mean_interior_score,geometric_mean_exterior_RMSD_median,geometric_mean_exterior_C_median,geometric_mean_interior_RMSD_median,geometric_mean_interior_C_median,quality_score_exterior_metric,quality_score_interior_metric,quality_score_exterior_imperial,quality_score_interior_imperial,quality_exterior_metric_mean_rmsd,quality_exterior_metric_mean_c,quality_exterior_metric_stdev_c,quality_interior_metric_mean_rmsd,quality_interior_metric_mean_c,quality_interior_metric_stdev_c,quality_exterior_imperial_mean_rmsd,quality_exterior_imperial_mean_c,quality_exterior_imperial_stdev_c,quality_interior_imperial_mean_rmsd,quality_interior_imperial_mean_c,quality_interior_imperial_stdev_c
HV001,a,E1,Circular,Max Fomitchev-Zamilov,0.174249211676487,0.112243946364631,31.7059200888162,79.0346087507604,0.177594625888507,0.112484153954739,0.10787425432664,0.226058809407914,0.141152171412559,0.0824419109537923,0.102877904873251,0.0824419109537923,358.279318250025,1106.5531949453,14.1054925874353,43.565109940316,0.152659884651644,0.113795440660912,0.0918239929374695,0.10599431911827,0.561879687441318,0.438679188385713,6.01023492472369,4.48013787836415,3.61511978434747,4.1730069431182,22.1212594825334,17.2708435146644
HV002,a,E2,Circular,Max Fomitchev-Zamilov,0.105028013838845,0.0963090612341318,72.5757772903617,108.650464832398,0.117382715481764,0.0959365740854179,0.0866927732693553,0.342706925742109,0.0698223990861054,0.107639339746311,0.110149500919452,0.107639339746311,415.23368404635,173.141715550422,16.3477916642732,6.81660665539167,0.090470726999599,0.157413393513029,0.167349563533722,0.08400501569923,0.056146148432567,0.032990551418625,3.56184156904691,6.1973810439473,6.588569051279,3.30728586858026,2.21047947840501,1.29884130840641
HV003,a,E3,Circular,Max Fomitchev-Zamilov,0.315215140163335,0.217327454766154,10.2831137521274,21.2363463867883,0.311844206454677,0.21700018282192,0.269821578688142,0.875685743563605,0.307536895431685,0.236731544758451,0.235562083697203,0.236731544758451,1089.53443675069,311.190900569669,42.8950797283182,12.2516168745179,0.308537915735748,0.313726610488694,0.467269910526244,0.230787647936369,0.0496450783942428,0.030758174239057,12.147168596308,12.3514480276009,18.3964631044093,9.08613277801964,1.95453170088918,1.2109523956091
HV004,a,E4,Circular,Max Fomitchev-Zamilov,0.207729113717445,0.0865690279014293,16.6565936375688,133.857029332485,0.24502302919245,0.0864329644855581,0.139059345649696,0.416473100041284,0.195483605291956,0.0989213473101282,0.113468817872326,0.0989213473101282,1694.24206613721,251.114036904343,66.7024795680286,9.88638474432768,0.201999447810306,0.703764926976573,0.788477691350332,0.13095124866225,0.0789354521066911,0.0412273361354018,7.95273846023654,27.7072955515604,31.0424455562317,5.15556375495766,3.10769664298564,1.62312434638438
HV005,a,E5,Circular,Max Fomitchev-Zamilov,0.173065058019527,0.0812756072227267,33.3909670748835,151.357325404257,0.173055537797284,0.0812827292487103,0.144820241330438,0.326788668150242,0.151537125981297,0.138401082660065,0.0930455041963713,0.138401082660065,392.498452921678,435.679592130365,15.4527033413718,17.1527491101317,0.162431390472855,0.150850047074338,0.0792170153744845,0.147734772047848,0.210812704704353,0.0771321153781643,6.39494008605535,5.93898143832141,3.11878181699499,5.81633274900097,8.29971726548086,3.03669909564987
HV006,a,E6,Circular,Max Fomitchev-Zamilov,0.340516027430105,0.240033976400361,8.25961331201404,17.8627108506347,0.347952645034033,0.236606306372541,0.154808713044682,0.5642911531657,0.263316493063082,0.0910149506996858,0.304656062266717,0.0910149506996858,854.935244930788,468.063715750081,33.6588860864496,18.4277152954523,0.255575205353309,0.353569236004316,0.245790803573163,0.272118713596632,0.134036410448986,0.0619085917044634,10.0620213922803,13.9200561784135,9.67680851575578,10.7133409661708,5.27702688301761,2.43734744626389
HV007,a,E7,Circular,Max Fomitchev-Zamilov,0.167702679313578,0.221744546724941,33.5390965452321,20.3303964661013,0.172672954557407,0.221782398556374,0.131452468532647,0.224493101872607,0.173034348915762,0.0998631288619968,0.210894241299947,0.0998631288619968,1054.84199311081,366.706462840146,41.529234752972,14.4372701126628,0.192861572120542,0.488446051744075,0.373534369246195,0.209934083637189,0.0967424266226765,0.0600299525802813,7.59297938054296,19.2301699017694,14.7060854706596,8.26512586620448,3.80875901037744,2.36338523608093
HV008,a,E8,Circular,Max Fomitchev-Zamilov,0.181618364139419,0.242925294201969,30.3087449778397,16.9410591084275,0.181641894651328,0.242957170511738,0.110092907952153,0.491616313435845,0.18814962821912,0.064419199209077,0.231739937397028,0.064419199209077,275.888566814428,370.364029654764,10.8617604643407,14.581268883911,0.173402773150466,0.0679718290331184,0.0345139646308439,0.234912714880392,0.0848223906358873,0.0506289241384847,6.82688451921115,2.67605770621677,1.35881823891279,9.2485370761125,3.33946600157395,1.99326580622456
HV009,a,E9,Circular,Max Fomitchev-Zamilov,0.208594628025667,0.21948231875268,24.0272800930674,20.7924202002904,0.204008233086367,0.219304467216281,0.180316726671763,0.416835776729515,0.186715439103257,0.174137297235706,0.345671682213174,0.174137297235706,628.207924934429,579.99770095229,24.7326088254609,22.8345674862617,0.195724526708204,0.240495373328822,0.191988024897403,0.31940871480694,0.182782368623706,0.0778066175216441,7.70569418895466,9.46832689749306,7.55858773901324,12.5751530428207,7.19616013095215,3.06325431248888
IV001,a,M1,Circular,Matt Beall,0.0647976000836701,0.157345607813285,337.091928220134,41.2757158743523,0.0608025857018782,0.0862188743991847,0.0323779353089072,0.166588816531421,0.045719472209046,0.0229296324785734,0.118773710881758,0.0229296324785734,87.3197317553162,220.237226090178,3.43778657117998,8.67076161489293,0.0445376161358588,0.0264609384333653,0.0163211771860921,0.114069041171803,0.0697047949856628,0.0364633899327129,1.75345040103037,1.04176979221544,0.642566377934166,4.49090955783799,2.74428474906504,1.4355673079899
IV002,a,M2,Circular,Matt Beall,0.0609542187247684,0.114381513097449,238.529373897848,72.734376629212,0.0544660428433292,0.155651278710085,0.040332788918553,0.154680139722656,0.0227481065389513,0.0715107369118002,0.058517354193136,0.0715107369118002,150.646246080006,201.701560190038,5.93095777279446,7.9410105948378,0.0323956941881479,0.0706977324507521,0.0475528194411065,0.0663615955249415,0.0868027012424278,0.0485372634226683,1.2754217197568,2.78337679635936,1.87215925667831,2.6126626519765,3.41743102818451,1.91091691467679
IV003,a,M3,Circular,Matt Beall,0.0329090761042229,0.0705747655954825,35.4681902645228,177.241090293025,0.167911516982914,0.075113464481685,0.025687884030466,0.0495729805396876,0.0476004571653183,0.0138626270682847,0.036924943056935,0.0138626270682847,91.3455516497068,203.508595459772,3.59628350300412,8.01215375411076,0.0657612954002022,0.0158479877530583,0.00973626849644632,0.056867701034183,0.0741756940301688,0.0724652003954198,2.5890287760355,0.623936862636682,0.383317864331941,2.23888707648589,2.92030449153715,2.85296218608772
IV004,a,M4,Circular,Max Fomitchev-Zamilov,0.0411426093535534,0.0925241733578646,585.82363639029,116.914622164451,0.0413158369506092,0.0924837827307345,0.0194622572475416,0.127809665064275,0.0336831534439151,0.0112453680383632,0.0903383068621375,0.0112453680383632,56.5921732850035,137.775368375695,2.22803952144792,5.42423003048793,0.0360294795026852,0.0134979862719097,0.00706470751040857,0.0865351860157168,0.0376361630979151,0.0136040192620627,1.41848421096867,0.531417069323712,0.278138241155536,3.40689892695737,1.48173950478123,0.535591598749333
IV005,a,M5,Circular,Max Fomitchev-Zamilov,0.0720265151715078,0.0391873569436126,147.363709762591,644.837174115052,0.0823767638859796,0.0393799324603685,0.0572478947147265,0.0878373385040952,0.0728920243455126,0.0449613174924833,0.0479902124893572,0.0449613174924833,188.491642807446,119.946641875636,7.42093482649345,4.72231128530799,0.099013210345588,0.0548743476780039,0.0346040847838545,0.0586615361061919,0.0402759431153554,0.0210091626540892,3.89815999262683,2.16040855551778,1.36236627834883,2.30951054265439,1.58566790804585,0.827132834607757
IV006,a,M6,Circular,Max Fomitchev-Zamilov,0.0396576587937243,0.0407824704086462,622.653073056355,614.030247769769,0.04007531383598,0.0403557215943918,0.0274704485483086,0.100576265999506,0.0369928661448059,0.02039921806792,0.051627656659993,0.02039921806792,72.0157695504149,83.0755112717573,2.83526804877679,3.27069118632021,0.0389661938359031,0.0211024562509336,0.0119471194635782,0.050110208776416,0.0210099643381572,0.0119553381571841,1.53410294793889,0.830805812844881,0.470359287993019,1.97284393054838,0.827164396989682,0.470682858782152
IV007,a,M7,Circular,Max Fomitchev-Zamilov,0.0526040302184367,0.037735240684926,273.35305320237,728.029812222213,0.060483656107501,0.0370617069865352,0.04474490617189,0.0461826342253284,0.0327900342091865,0.0610583879101393,0.0321155737810059,0.0610583879101393,187.934983431328,49.8078301831887,7.39901909118973,1.96093925509516,0.0365229497571157,0.0847122898379133,0.0666997438362992,0.0287013341726421,0.0121565461775023,0.00894994983304442,1.43791218423262,3.33513132214763,2.62597558480948,1.12997439651034,0.478604438662881,0.352360419921942
IV008,a,E8,Circular,Max Fomitchev-Zamilov,0.0791890886837304,0.0448658742180773,162.994877330223,541.698953883528,0.0783272758206397,0.0429656119321891,0.0607042317513116,0.093021997664895,0.0412320762737582,0.0893722578521283,0.0466144436837457,0.0893722578521283,233.214358224925,90.2307215017455,9.18167260475112,3.55239252859587,0.044378008787492,0.112737074755556,0.0760992746818769,0.0535605928211787,0.0223386361674869,0.0143314925130798,1.74716664376444,4.43846990683372,2.99603605415296,2.10868589542909,0.879474339777578,0.564232293389204
IV009,a,E9,Circular,Max Fomitchev-Zamilov,0.0859226783808096,0.0666920509966037,114.365632046069,233.559526740718,0.0935087459662057,0.0654336590484541,0.0779033358345892,0.119550219298191,0.0406885887433329,0.149155572154152,0.0401675873776276,0.149155572154152,385.063549682469,219.161423373078,15.1599904573538,8.62840715434041,0.0420670599647439,0.180444868479079,0.162551621238646,0.0400779787198524,0.124731619906601,0.0543518247466242,1.65618435751796,7.1041325165082,6.39967358332762,1.57787402999846,4.91069634888488,2.13983677545707
IV010,a,E10,Circular,Max Fomitchev-Zamilov,0.0885662534074744,0.167253610574368,127.954358182647,35.7131014965568,0.0884041104765127,0.16733477958119,0.038697660776385,0.123529612458393,0.0591291786760287,0.0253260570008774,0.159927390159878,0.0253260570008774,103.609351174085,217.31124992908,4.07911051665886,8.55556564083289,0.0625989897697438,0.0266059823513427,0.0144043790529989,0.161303190988138,0.0356620631753788,0.0203459957655639,2.46452848713379,1.0474801857706,0.567101843754474,6.35052275952208,1.40401899342098,0.801023887889829
IV011,a,M11,Circular,Max Fomitchev-Zamilov,0.0677281009008169,0.0298413477515104,218.630502330579,1119.31913212605,0.0676308154156206,0.0298898018850282,0.0311130783296903,0.0491284165316045,0.061351587923992,0.0157782980996144,0.0268846537973582,0.0157782980996144,100.080271119932,47.2669733681363,3.94017028201884,1.86090546820086,0.0641736500855636,0.0215969660302528,0.0143096550041158,0.0282611856792216,0.0112544422335794,0.00775134545533532,2.52652302123365,0.850274712307654,0.56337254847754,1.11264570630952,0.443088516180243,0.305171245711097
IV012,a,E12,Circular,Max Fomitchev-Zamilov,0.118591322585851,0.13115025422451,71.1665850292607,77.9229460361156,0.118539184943977,0.113283672086347,0.0580734976592545,0.11600714355812,0.117090059639517,0.0288028816516311,0.0691981730931496,0.0288028816516311,178.983990571944,410.663332602996,7.0466176072165,16.1678564709132,0.118231150364992,0.0336588092856912,0.0270940309212614,0.0924921711483924,0.190886724213775,0.127284437240829,4.65477221298476,1.32515068745859,1.06669470677316,3.64142602732932,7.51522942096874,5.01120102261516
IV014,a,M14,Circular,Max Fomitchev-Zamilov,0.142587161302632,0.0800318520274424,46.0866633289891,156.889969873499,0.147303262848967,0.0798366692698696,0.0976466874179375,0.151879398921841,0.0580575250101069,0.164231519721802,0.0820288046110853,0.164231519721802,306.296633082679,122.660436660664,12.0589290741284,4.829153657374,0.0679388593447455,0.155391579150328,0.0829661945876054,0.0959824775341461,0.0156121157673558,0.0110658433591618,2.67475968628856,6.11778201030633,3.26638737753348,3.77883973876709,0.614650558972376,0.435663359634534
IV015,a,E15,Circular,Max Fomitchev-Zamilov,0.0962923402106491,0.0926032058420293,106.728668279002,116.467658017238,0.0967964555406025,0.0926610738016931,0.0463622356562526,0.0850650907777545,0.0867709643011636,0.0247716147026509,0.0986193773441585,0.0247716147026509,168.280793291957,119.92564932351,6.62523165998366,4.72148480643153,0.0939214259091407,0.0427219900323102,0.0316373773505058,0.0983811613654868,0.0138011957754345,0.00774329218258896,3.69769593018546,1.68196901977106,1.24556671002715,3.87327616107535,0.543354457798432,0.304854187557746
IV016,a,M16,Circular,Max Fomitchev-Zamilov,0.245043377001885,0.0461213517039986,16.7580415738498,469.771507124126,0.244280257010834,0.0461377768215551,0.191875263759998,0.187281657050576,0.186920337308765,0.196961536518919,0.0479534520836341,0.196961536518919,549.451830982289,178.016220833896,21.6319735309558,7.00851641585257,0.206934849727509,0.210509121523817,0.132007859730963,0.0769919727712659,0.0403491339383445,0.0606751141242856,8.14704572725701,8.28776516530484,5.19716263839397,3.03118166720201,1.58854943806602,2.38878531058454
IV018,a,E18,Circular,Max Fomitchev-Zamilov,0.0505750804935481,0.0252915025502201,394.111022334249,1566.51720939851,0.050372175685203,0.0252657628155973,0.0287736716685855,0.0213457752960227,0.0153136515200489,0.0540644522443015,0.00872377412115423,0.0540644522443015,115.669593656715,60.5654364618877,4.55392346922422,2.38446729004816,0.0169005861965021,0.0611453328921189,0.0376236745680937,0.00924493755073287,0.0350345584435211,0.0162859404676337,0.665377768614907,2.40729787049601,1.4812478301133,0.363974115866108,1.37931406937727,0.641179104804785
IV019,a,M19,Circular,Max Fomitchev-Zamilov,0.0882539838086166,0.0104236052412493,128.461486837305,9271.50117710716,0.0882294410387965,0.0103854416760737,0.0277480263233195,0.0425055678318392,0.0859455806123471,0.00895861031310569,0.00752964446422901,0.00895861031310569,102.987210819557,23.013296442363,4.05461678868704,0.906035782265476,0.0861766553222983,0.0104483334325579,0.00636222206470079,0.00832990415646425,0.00896518443502826,0.0057182078508705,3.39278353770442,0.411351932073148,0.250481318909476,0.327949159630413,0.352960207725506,0.225126414909557
MV001,a,LDUCE-UC10850,Circular,Károly Póka,0.666948264317544,0.323587585648248,1.92573325920375,9.72748407325898,0.720612737529595,0.320626737396113,0.449742319090648,0.55285301653897,0.736142770424211,0.274767561005149,0.357548845388946,0.274767561005149,1265.67824795828,539.553968890888,49.8298791899421,21.2422937106312,0.686973417549489,0.361923292066923,0.216781538341864,0.382777095932995,0.0844195423590873,0.0723573305988055,27.0462121462651,14.248956201004,8.53471084267302,15.0699725445916,3.3236058246315,2.84871534140803
MV003,a,LDUCE-UC15604,Circular,"Adam Young, Károly Póka",0.200355596004602,0.0362877457973581,23.7162891546308,747.709832886943,0.205341453408405,0.036570715222522,0.133117565785347,0.0926953084530455,0.143411523180706,0.123562499913537,0.0597225592444928,0.123562499913537,404.008900782981,135.362233927985,15.905870824716,5.32922468596815,0.177031152972307,0.159059947589547,0.0679178002211267,0.0498556953689754,0.0584738208798858,0.0270327176791235,6.96973419563501,6.26220604259524,2.67393058648578,1.9628237122461,2.30212017542319,1.06428079829886
MV003,b,LDUCE-UC15604,Circular,Max Fomitchec-Zamilov,0.209773315008876,0.0664169010034685,20.4035618457388,223.0939001283,0.221384395339718,0.0669508587748059,0.163435544221644,0.142392270828482,0.137629955024401,0.194079676261531,0.0434355848070906,0.194079676261531,465.891992254165,234.745629439752,18.3422143242457,9.24195890560596,0.167410421436267,0.216954920606677,0.0815266502112211,0.0471015308921177,0.106845760609978,0.0807983379376561,6.59096503298796,8.54153691977694,3.20971237148079,1.85439198137576,4.20652827979089,3.18103864443931
MV004,a,LDUCE-UC15606,Circular,Károly Póka,0.118770211641995,0.0972944526388087,71.9495868220017,108.781047624459,0.117892410557462,0.0958789747707972,0.0658490026881938,0.188375580173959,0.113716991064343,0.0381305477259447,0.0891746880407924,0.0381305477259447,208.820617577799,202.21506287444,8.22128859609972,7.96122724687297,0.117912286308728,0.04917975762889,0.0417285736401812,0.108323068679102,0.052349181450206,0.0415428127451313,4.64221850320326,1.93621197582516,1.6428581170713,4.26469004620312,2.06099250861276,1.63554469205709
MV004,b,LDUCE-UC15606,Circular,Max Fomitchev-Zamilov,0.120437537163627,0.11104894753125,70.0225147840045,83.2758860465812,0.119503643916194,0.109582289244001,0.072371531412538,0.278931631457682,0.123456693985309,0.0424249053649472,0.0743490688900972,0.0424249053649472,219.276005958804,570.105567073354,8.6329182821987,22.4451131862347,0.123748854438974,0.0576124176623003,0.0379147338575291,0.0723401050087128,0.199803116052058,0.297962346012583,4.87200477414787,2.26820664460653,1.4927068634443,2.84803716820352,7.86626865928114,11.73080735875
MV004,c,LDUCE-UC15606,Circular,Max Fomitchev-Zamilov,0.120901454164217,0.114345035750411,70.0335672361983,78.7097073575044,0.119494213720939,0.112716073389397,0.0717517955210189,0.260606945908335,0.121741908672224,0.0422888076640178,0.075006627667154,0.0422888076640178,190.697796282276,589.330920058925,7.50779130941285,23.2020172558119,0.123638061200642,0.0425542008882286,0.0245055341934059,0.0845909114403998,0.240083920221304,0.264656088397221,4.8676428332754,1.67536314438965,0.964785331747808,3.33035264249968,9.45212794750474,10.4195366658074
MV005,a,LDUCE-UC15624,Circular,Karoly Poka,0.0949026502244977,0.0861334211925482,113.587690417034,133.613274039683,0.0938284118444936,0.0865117698755102,0.0528641267581332,,0.0899656509637504,0.0310631431881264,,0.0310631431881264,150.424992932123,122.453616124398,5.92224701423696,4.82101111217916,0.0954325144834943,0.0334415262111229,0.0215509522375053,0.0914077871085055,0.0171616214531823,0.0138842075627102,3.75718763846662,1.31659623108453,0.848463144685808,3.59873371924057,0.675654752773932,0.546622640164656
MV006,a,LDUCE-UC15724,Circular,Adam Young and Károly Póka,0.230593963055124,0.0619187956706211,10.9604161695283,274.106434566206,0.302055311946868,0.0604004792698275,0.142360041058456,0.26890826630047,0.181123260772441,0.111892758576313,0.0597194984737368,0.111892758576313,521.746291290368,225.606331689224,20.5412036627309,8.8821438392379,0.18047855823094,0.164297313955143,0.176970419104285,0.0668843771531171,0.0733808860294525,0.085341068506654,7.10545888540793,6.46840168014537,6.96734309717763,2.63324461695594,2.88901282106815,3.35988640121382
MV007,a,LDUCE-UC15730,Circular,Adam Young and Károly Póka,0.23645380685415,,18.8189599391381,,0.230516592454619,,0.226776418509049,,0.199019553838496,0.258404478353542,,,418.06999736112,,16.459457603107,,0.18433259497487,0.14635090462297,0.0873864977632798,,,,7.25719269742012,5.76184975009679,3.4404151555901,,,
MV008,a,LDUCE-UC15731,Circular,Adam Young and Károly Póka,0.0709298377272588,,199.587181177166,,0.0707837680337418,,0.0393208003763943,,0.0730541625791062,0.0211640964409939,,,118.408295030709,,4.6617464161885,,0.069603440636704,0.0335454044296842,0.0152594499643204,,,,2.7402944182111,1.32068592693711,0.600766071040289,,,
MV009,a,LDUCE-UC17722,Circular,Károly Póka,0.29474103792592,0.156548148575686,14.9707057268535,63.0919735965752,0.258451384600148,0.125896293289732,0.149901106629284,0.186495606596469,0.137760699819793,0.163111408392073,0.154937109205534,0.163111408392073,539.025071127728,647.319594525732,21.2214709528058,25.4850371684375,0.214109325253923,0.215200224019088,0.109715521854716,0.193308285331298,0.212119206651115,0.241892102543319,8.42950554617947,8.47245433965391,4.31951106697237,7.61056652432173,8.35115437777505,9.52331626634074
MV010,a,LDUCE-UC18947,Circular,Karoly Poka,0.723774097267549,0.308412901279812,1.17342298642531,10.5478201833953,0.923150914552547,0.307906346995523,0.463010796546919,1.07824797449299,0.502425156072914,0.426688423395545,0.325852891957952,0.426688423395545,2806.37638167129,637.113949884369,110.487318784037,25.0832399183426,0.622960149111737,1.40188753033382,0.781528702225726,0.323713808040291,0.206757988141184,0.106642153702893,24.526003366544,55.1924522579957,30.768863159497,12.7446449939271,8.14008266891724,4.19851225549827
MV011,a,LDUCE-UC30218,Circular,Adam Young and Károly Póka,0.731226404756072,0.158611155564033,1.81101887960729,39.6816299759836,0.743085028108076,0.15874689827929,0.505811128556688,0.456604216351909,0.794729868662462,0.32192686831109,0.154557103447754,0.32192686831109,1143.23719400175,271.164300162136,45.0093626515683,10.6757656138133,0.753109723981753,0.247149270665954,0.142978199354044,0.162227108925831,0.0679543522240444,0.0409828390122598,29.650005144134,9.73029150104566,5.62906600638865,6.38689750112087,2.67536964249585,1.61349847019657
MV012,a,LDUCE-UC41050,Elliptical,Adam Young and Károly Póka,0.384343658014145,0.241511252283283,6.51426438124065,17.1474467887484,0.391802596524657,0.241490620870548,0.278469968967098,0.252686303025538,0.370582611492939,0.209253001116632,0.0983853664377327,0.209253001116632,741.730277206132,433.115738603088,29.2019951866331,17.0518099403774,0.398020951333533,0.202144335129927,0.141564990742672,0.111664563571819,0.215867793008936,0.105583382022334,15.6701246560963,7.95844268849873,5.57342784203807,4.39624503427885,8.49873659754109,4.15682830855748
MV013,a,LDUCE-UC41053,Circular,Károly Póka,0.509257977599418,0.398578117273321,3.84215665492954,6.28981781157837,0.510167120892868,0.398731886045532,0.304430919723174,0.132716101815304,0.141092807500377,0.656859740233393,0.0246607561926146,0.656859740233393,444.945115611544,669.83036076231,17.517533696138,26.3712882862482,0.141376601291962,0.187385000929969,0.116183513389612,0.0291357052574051,0.410489343093298,0.230205312411607,5.56601093052469,7.37736622511298,4.57415654050036,1.14707562955457,16.1610064865175,9.06320617017621
MV014,a,LDUCE-UC41108,Circular,Károly Póka,0.15413677166251,0.0671719300370678,54.2645048854829,242.623768867007,0.135750699962195,0.0641997486355887,0.066499762733036,0.241159940860505,0.0856035709748452,0.0516592753455292,0.0732865369059107,0.0516592753455292,249.531259525506,124.885024013765,9.82407064064514,4.91673588392432,0.0956219622180922,0.0795890761573361,0.0743202211500782,0.0845128074207909,0.0201259293786845,0.0202462872142895,3.76464621472251,3.13342988722194,2.92599453870069,3.32727767943728,0.792359852231745,0.797098352255297
MV015,a,LDUCE-UC4354,Circular,Adam Young and Károly Póka,0.189484395616243,0.30746939549391,26.2040937518731,9.33022005445551,0.195350905090815,0.327381441500559,0.147331354274157,0.476711650337421,0.106017439755155,0.204744879732881,0.265088383187643,0.204744879732881,473.858906257002,648.314264882982,18.6558725252288,25.5241974398695,0.123442498897093,0.234345055242863,0.116071352117046,0.274472589286598,0.265237309723493,0.108604365872892,4.85994352582844,9.22618825941704,4.56974073998333,10.8060132874723,10.4424194075449,4.27576474485233
MV015,b,LDUCE-UC4354,Circular,Max Fomitchev-Zamilov,0.138368116599237,0.255250883148884,50.2197509301818,14.314765600582,0.141111602149601,0.264306521778049,0.071041296460875,0.503136490606163,0.117861142413775,0.0428204385218318,0.245508270284631,0.0428204385218318,235.975530369759,600.194261743121,9.29038022821045,23.6297081042529,0.125033723861484,0.0590160404557195,0.0519257660525551,0.257008018756406,0.208265269027219,0.134920973959497,4.92259021179903,2.32346741434572,2.0443226020657,10.1184313992416,8.19942446812851,5.31185223688279
MV015,c,LDUCE-UC4354,Circular,Max Fomitchev-Zamilov,0.139151459146809,0.277175092161171,51.6487409239542,12.3184543883236,0.139145809131535,0.284919314056212,0.0704811198325164,0.480148540457282,0.118482763143568,0.0419266745731292,0.22734187077113,0.0419266745731292,236.630301468246,667.597823970084,9.31615863183499,26.2833930894846,0.127138606875118,0.0568979206166524,0.0525937739764753,0.225063067371735,0.238931617756291,0.203603138842057,5.00545966653409,2.24007682446966,2.07062214083123,8.86075546873195,9.40676168422696,8.01587593652567
MV016,a,LDUCE-UC4356,Elliptical,Adam Young and Károly Póka,0.65822818832091,0.185812492242775,2.21985245521288,27.5808098169919,0.671178359383758,0.190412955146593,0.378065481795527,0.329400537554334,0.506027341404599,0.282462026910518,0.115815327513278,0.282462026910518,1289.61072178601,423.658271244592,50.7721030777872,16.6794685047267,0.552699307300559,0.446041012140468,0.290870402344979,0.116389769235022,0.20381647242282,0.103452029586749,21.7598269983537,17.5606792520714,11.451596827362,4.58227685375976,8.02427490093367,4.07291675003328
MV016,b,LDUCE-UC4356,Elliptical,Max Fomitchev-Zamilov,0.6928432508582,0.289850500218269,2.12263159183981,11.7194858971843,0.686376946209999,0.292109525743432,0.405675583316588,0.422418880142923,0.57183912251685,0.287795417310582,0.144056003436113,0.287795417310582,1064.51546186947,817.974678838803,41.9100801853471,32.2037449033516,0.601923942817418,0.304698017899995,0.157893501152054,0.154128262861593,0.350706532852408,0.313139883124801,23.697805821116,11.9959914345246,6.21628292970647,6.06804512168722,13.8073512690526,12.3283485126117
MV016,c,LDUCE-UC4356,Elliptical,Max Fomitchev-Zamilov,0.674336753847395,0.394166030768357,2.27333050155584,2.76269093599795,0.663236945508728,0.601636046285051,0.402441278115919,0.436302771168976,0.56893187139195,0.284672015184042,0.154523128287482,0.284672015184042,1061.94666334557,729.952510350728,41.8089463305814,28.7383033277592,0.591399760642187,0.297040698249414,0.173506204453968,0.164497854650864,0.323761132038663,0.241693523661201,23.283467716459,11.6945219941493,6.83095661997317,6.47629698738998,12.7465081444754,9.51549819589385
MV017,a,LDUCE-UC4379,Circular,Károly Póka,0.17727738847031,0.0540792884029289,29.6937876164771,342.37488435764,0.183513154688085,0.0540441948006213,0.118806877311124,,0.165874704409642,0.0850947957776733,0,0.0850947957776733,342.387078594583,79.5236949046665,13.4798135229766,3.13085582076621,0.165342072164953,0.111889936732279,0.065155069697351,0.0421055412765429,0.0244726388269253,0.0129455148011983,6.5095339153414,4.40511799814352,2.56516160949168,1.65769937061162,0.963490237879931,0.509666212274656
MV018,a,LDUCE-UC4649,Elliptical,"Adam Young, Karoly Poka",0.265045053973664,0.108116979724373,13.4326144527004,85.6850511667602,0.272847340616935,0.108030769556838,0.117200008414816,0.194354925404155,0.301065688669062,0.0456240697276254,0.0791761533955669,0.0456240697276254,495.780418407821,155.695847311825,19.5189246507578,6.12976107825127,0.295160538713492,0.0998945750332702,0.100725304661059,0.082639935733554,0.0467437203343819,0.0263121912438889,11.6204999252041,3.93285940851735,3.96556531703635,3.25354253382359,1.84030494393665,1.03591360049103
MV018,b,LDUCE-UC4649,Elliptical,Max Fomitchev-Zamilov,0.274795353986625,0.135086954748149,13.0833333572604,65.0868451036341,0.276465406297652,0.123951957455391,0.135039069072963,0.227256543640456,0.301563964389437,0.0604699245581715,0.101229555258044,0.0604699245581715,477.314207730377,291.494197106998,18.7919080897657,11.4761556895222,0.305552746717615,0.0681958908779396,0.103565570134822,0.116783231522095,0.124224659663198,0.0504863059217054,12.0296421935472,2.68487904345357,4.07738685276497,4.59776750334802,4.89073727340607,1.98765091276813
MV019,a,LDUCE-UC4978,Elliptical,Adam Young and Károly Póka,0.272490959839677,0.22382942596144,14.2591377125184,20.6197799137893,0.264821577530961,0.220220623167943,0.155969441830877,0.311080743487024,0.235229132470823,0.103416046003794,0.0867930141613866,0.103416046003794,390.080356841463,1024.62701352154,15.3575026568841,40.3396679850445,0.240294994833594,0.101464909115675,0.0483204528921937,0.102927369509725,0.746848297060906,0.174851346950911,9.46043797609806,3.99468361837505,1.90238106241096,4.05226083033484,29.4034921401176,6.88391501459207
MV019,b,LDUCE-UC4978,Elliptical,Max Fomitchev-Zamilov,0.264757490408888,0.183193267834021,15.3979752972662,30.5852703396196,0.254840348735413,0.180818906379487,0.151588699471018,0.397960249099591,0.260167277370811,0.0883244581698992,0.140143214509386,0.0883244581698992,386.923611910797,879.877839241046,15.2332212932893,34.6408785187039,0.242503457707047,0.0933075041702065,0.0511126500335443,0.13184326504426,0.40299320689484,0.345041367301946,9.5473853802722,3.67352576993145,2.01231014308564,5.19068252911903,15.8658828547705,13.5843131348143
MV020,a,LDUCE-UC5408A,Elliptical,Adam Young and Károly Póka,0.355158687629291,0.0461847045953216,8.95718801440417,463.819390659712,0.334128987637726,0.0464328722885105,0.127908904485787,0.0880729913151759,0.269621991364531,0.0606800942458529,0.0271915585099773,0.0606800942458529,419.631496212474,83.3740647674637,16.5209339690347,3.28244526730152,0.284706556145522,0.079758020773442,0.0551669192935106,0.0321996401070257,0.0269150590623667,0.0242593655980713,11.2089255861048,3.14008125365249,2.17192712927744,1.26770305097761,1.05964856679128,0.955093649532628
MV020,b,LDUCE-UC5408A,Elliptical,Max Fomitchev-Zamilov,0.391245767820214,0.0754861535013644,7.19944507739825,180.086325345212,0.372692358708191,0.0745177325891325,0.159891881345942,0.150785358031919,0.364159217152043,0.0702039451871702,0.0424347662750343,0.0702039451871702,456.679229715971,733.785520080155,17.9795069418408,28.8892093041077,0.333790288452538,0.0744915673627728,0.0483973739006608,0.0563994326412003,0.397110866497757,0.280275220941198,13.1413570354053,2.9327404562291,1.9054094502064,2.22045130302732,15.6342945251033,11.0344634759771
MV020,c,LDUCE-UC5408A,Elliptical,Max Fomitchev-Zamilov,0.382774499804898,0.102357145135358,7.54256881486836,97.0238766293567,0.364116499925219,0.10152212240543,0.13409496704214,0.124507848251642,0.304476943466491,0.0590568861514191,0.0540543898655178,0.0590568861514191,413.886588037852,234.248210552151,16.294756359709,9.22237547425924,0.313352610015903,0.0616861203693081,0.0388478576526414,0.0556009406499168,0.119887619216492,0.0587596506857425,12.3367235915871,2.4285887275517,1.52944404057026,2.18901459348129,4.7199875573152,2.31337332346275
MV021,a,LDUCE-UC6226,Elliptical,Adam Young and Károly Póka,0.335078726212001,0.10423079641297,9.61581998175205,90.8352624210597,0.322483009305252,0.104923498358364,0.0974810866600496,0.10466529430727,0.326068078377227,0.029142878087657,0.0559865928690562,0.029142878087657,412.012992062576,250.006779937674,16.2209926988028,9.84279192682423,0.313976560975339,0.0543191100343967,0.04371732105284,0.0591366796347826,0.116736756274677,0.0741333440282149,12.3612886032552,2.1385487939652,1.72115530158242,2.32821699088936,4.59593776820965,2.91863716772522
MV021,b,LDUCE-UC6226,Elliptical,Max Fomitchev-Zamilov,0.337900620923366,0.127008136926349,9.33263084614187,66.0814216472062,0.327339154419541,0.123015634552275,0.144701594418081,0.119097050552848,0.337306085409123,0.0620758187678059,0.0545582760831357,0.0620758187678059,424.375016469455,457.251146168588,16.7076868359041,18.0020233497719,0.31571047195921,0.068704586979887,0.0399599575303577,0.0648314257004468,0.244477123871436,0.147942596596705,12.4295528520813,2.70490645985685,1.57322752396593,2.55241971296916,9.62508881453082,5.82451482227195
MV022,a,LDUCE-UC5607,Circular,Max Fomitchev-Zamilov,0.389896787208786,0.160873877286732,6.68615182229703,37.2947375229476,0.38673357968325,0.163748082286911,0.206714901040505,0.17999590443967,0.277916851908189,0.15375480118889,0.0824737026096108,0.15375480118889,621.416055424276,446.613503201034,24.4652122436593,17.583218282375,0.324301909415047,0.178240368992889,0.11887377701634,0.0892274267800729,0.218658145158692,0.138727931262269,12.7677986038613,7.01734115128693,4.68007248851101,3.51289271507415,8.60859304071222,5.46173252658866
MV023,a,LDUCE-UC14996,Elliptical,Max Fomitchev-Zamilov,0.243708101764112,0.139472480726864,20.9003539871684,38.9905153723811,0.218737467239263,0.160147628586912,0.111065713499913,0.232024302149878,0.126585119260962,0.0974489954843293,0.0496856023711552,0.0974489954843293,389.289817027255,317.736723631041,15.3263790253447,12.5093265830264,0.118731350677123,0.158441675641523,0.112116790708609,0.0637971764283245,0.160663024373835,0.0932765228288809,4.67446514929341,6.23786461417431,4.414049261877,2.51170121570078,6.32531933590034,3.67230603142533
MV023,b,LDUCE-UC14996,Elliptical,Max Fomitchev-Zamilov,0.24849474930113,0.184498165433199,17.0167898787678,28.3308654427637,0.24241594474625,0.187875469670192,0.111992560472975,0.336366081996181,0.136206177736965,0.092083441512573,0.117491563605671,0.092083441512573,354.954824305331,493.609557254815,13.9746069283833,19.4334576300778,0.133903624469953,0.131669263445411,0.0893819363899666,0.101759910666417,0.266319836168689,0.12552981041971,5.27179908574449,5.18383206877218,3.51897577386663,4.0062978589279,10.4850385819449,4.94212118920502
MV024,a,LDUCE-UC15581,Elliptical,Max Fomitchev-Zamilov,0.807385008710705,0.288354110424869,1.84046361614102,14.2208298215469,0.737116922682292,0.265178024147607,0.39760643124449,1.05476950506185,0.839211466295025,0.188380259942019,0.281328653291398,0.188380259942019,989.426037388686,2228.16918601163,38.9538020345963,87.7232436701965,0.720120447991175,0.182915332555135,0.0863902568423767,0.29578631868493,1.01255391654469,0.919828950782014,28.3512140494573,7.20139493422891,3.40119305091006,11.6451369452576,39.864348949756,36.213757775183
MV024,b,LDUCE-UC15581,Elliptical,Max Fomitchev-Zamilov,,,1.85553754754163,18.4525280244213,0.734116738628497,0.232794150374704,0.3902546851831,1.09046140274926,0.810461942876245,0.18791594182309,0.291771225416495,0.18791594182309,978.20151127538,2445.14886603701,38.5118913190629,96.2657553707638,0.705943245387245,0.185403610511458,0.0868546553766774,0.373098665310963,1.092568822329,0.979481378397044,27.7930561652204,7.29935868619714,3.41947646764533,14.6889317631591,43.0145437919752,38.5622798156295
MV025,a,LDUCE-UC15585,Elliptical,Max Fomitchev-Zamilov,0.550353966341627,0.304638714512092,3.87018024205119,14.0227220426168,0.508316730697386,0.267044622652488,0.375582462302036,0.488213858062819,0.444135939787395,0.317610383110148,0.134372625412752,0.317610383110148,1080.63840056746,824.93259496881,42.5448418941808,32.4776787571815,0.453564114495893,0.403439563688983,0.223634722382579,0.137655181442811,0.390469294914133,0.296808118611866,17.8568645441148,15.8834559663916,8.80452138367437,5.41949825892161,15.3728151876989,11.685365310561
MV025,b,LDUCE-UC15585,Elliptical,Max Fomitchev-Zamilov,0.510690550708727,0.306536068597959,3.2897033551501,13.354603478237,0.55134270305527,0.273643099666731,0.315010884274962,0.503495626135837,0.485179029067863,0.204526270235422,0.135018743450447,0.204526270235422,993.902171236081,761.157934677921,39.1300278717816,29.9668640040632,0.572568802516161,0.255481625261658,0.165851743458262,0.140666735303432,0.345103387654514,0.275387811719974,22.5420910119415,10.058337134714,6.52959972512613,5.53806343556964,13.586754882297,10.8420456861966
MV026,a,LDUCE-UC15603,Circular,Max Fomitchec-Zamilov,0.148863551289981,0.0560133235104773,39.1826665649225,321.66954654907,0.159754465227385,0.0557564387065466,0.104077143643887,0.13492982006829,0.121575842769087,0.0890970737471588,0.0400906340568995,0.0890970737471588,315.612133788093,388.745898452276,12.4256812684506,15.304964896656,0.153382661770348,0.0951506315716189,0.0670788404461259,0.0406108932865546,0.179785406945973,0.168349598219749,6.03869073216478,3.74608988003779,2.64090065624802,1.59885492978098,7.07816945000365,6.62794051687133
MV027,a,LDUCE-UC15607,Elliptical,Max Fomitchev-Zamilov,0.403651272750012,0.0648920266802945,6.51298639942607,234.156535812014,0.391841034500897,0.0653501904842923,0.213501051766528,0.145761876383825,0.396635913630943,0.114923277340506,0.0378292779346183,0.114923277340506,548.481874368671,161.732400110738,21.593786242082,6.36742076559977,0.349778125319961,0.129578504552148,0.0691252444965614,0.0439807753324211,0.0687516565165023,0.0489999682618148,13.7707997716594,5.10151868206853,2.72146778835407,1.73152752291495,2.70675959222035,1.92913365046448
MV027,b,LDUCE-UC15607,Elliptical,Max Fomitchev-Zamilov,0.374222105924028,0.0670369729878219,7.70551437809983,222.504168700117,0.360246012533806,0.0670395243010984,0.181091798491079,0.143680339590317,0.352877830553044,0.0929336916103148,0.0421644983131609,0.0929336916103148,503.773686814423,170.943853178476,19.8336204272525,6.73007659402192,0.320117569280472,0.113722121669336,0.0699339958646153,0.0462221529703925,0.0703888207565638,0.0543328794515196,12.6030607143291,4.47725130233391,2.75330841058949,1.81977078465965,2.77121491206799,2.13909089729427
MV028,a,LDUCE-UC15626,Elliptical,Max Fomitchev-Zamilov,0.333156446662235,0.123473138643749,9.51377722434881,75.226511135287,0.324207838794711,0.115296079456997,0.156913687132747,0.153331280947321,0.279808982903993,0.087995406559345,0.0446380755539204,0.087995406559345,425.762322178077,331.074097976433,16.7623052003831,13.034420344742,0.272243252808809,0.0990996994466264,0.0544193699226425,0.0444288532584384,0.148977040689744,0.137668204028251,10.7182440874081,3.90156507718363,2.14249603579143,1.74916839567004,5.86524098965927,5.42001095941264
MV029,a,LDUCE-UC15655,Elliptical,Max Fomitchev-Zamilov,0.421883025808603,0.180032387783496,5.63966043342995,31.5893308615364,0.421088636931877,0.177922055274427,0.191351700123177,0.213785192250287,0.391670777805716,0.0934853331289196,0.051763485428782,0.0934853331289196,560.124573295667,381.473201119884,22.0521604631078,15.01863807541,0.382427471071453,0.112204539927242,0.065492562296972,0.0496568894715521,0.230954512360729,0.100861799287603,15.0562077788302,4.41750395738952,2.57844872688802,1.95499670418395,9.09270224709312,3.97093912413287
MV030,a,LDUCE-UC15658,Circular,Max Fomitchev-Zamilov,0.197295613666207,0.107498687832375,25.7313351414578,86.6020558065276,0.197137315965582,0.107457293813602,0.105386948556873,0.241728030594161,0.179848463229584,0.061754260929943,0.067435679391672,0.061754260929943,252.389809348422,232.324425656229,9.9366120330283,9.1466358705283,0.186847567143365,0.0424388210045376,0.0231034212005193,0.063092584543906,0.111218315182827,0.0580135259294961,7.356207403191,1.67082062683074,0.909584003006565,2.48396136275203,4.37867619057941,2.28399831719686
MV031,a,LDUCE-UC15719,Elliptical,Max Fomitchev-Zamilov,0.364727968659348,0.251590713915765,7.55517282413226,15.7671267729996,0.363812652250665,0.251839425664723,0.248780435184761,0.299889785619918,0.339286391464634,0.182417292552008,0.0729129043715171,0.182417292552008,632.287593775233,678.824496081935,24.8932257956903,26.7253882931954,0.329785516213555,0.19433264341312,0.108169434148558,0.0928103491845499,0.384513070333636,0.201501076563749,12.9836887518793,7.65089560443886,4.25864143937214,3.65395272843065,15.1383180303423,7.93311753442247
MV032,a,LDUCE-UC15629,Circular,Max Fomitchev-Zamilov,0.201116123736861,0.162318848688891,17.4046955619456,38.4777941833203,0.239699310310602,0.161211090730585,0.0997833888664724,0.298158728416644,0.143217890417052,0.0695215148378708,0.066883190441627,0.0695215148378708,369.510018932056,271.931630105608,14.5476463963569,10.7059754704208,0.181019920076358,0.0835835105876495,0.104906588268048,0.0663037064519673,0.131840178722561,0.0737877449310788,7.12677235539822,3.29069117018682,4.13018287077189,2.6103835533846,5.19056102032512,2.90503089671107
PV001,a,28.34608,Circular,Zeiss,0.0225742992974226,0.0355805640702394,1980.18893205793,797.600151302375,0.0224722566203878,0.0354084883328387,0.0104322887340655,0.0254276430128295,0.0173154829025191,0.00628527941401376,0.0293002215701453,0.00628527941401376,44.9638819844788,64.4686154348802,1.77023253011713,2.53813583653278,0.0298783513661692,0.00923668041754219,0.00584885020076747,0.0370284913485147,0.0171241554286609,0.0103159686577046,1.17631368112122,0.363649031706678,0.230269817289235,1.45781540724016,0.674179711641922,0.406140717650695
PV003,a,,Circular,Zeiss,0.0301051154796761,0.0759474032878634,1092.4068720687,166.917190561941,0.0302557406126937,0.0774015159803936,0.0280862348157246,0.0523409713915444,0.0259152707000292,0.0304390641045139,0.0607959932912572,0.0304390641045139,81.1806175448829,140.30832620185,3.19608903080379,5.52395283339947,0.0412801091822709,0.0245205743224633,0.0153799340401487,0.0775815538529225,0.037329433797816,0.0253973385511119,1.62520202651692,0.965377463132814,0.605509541154058,3.05439353334494,1.4696635415634,0.99989575849113
PV006,a,Unknown,Circular,Unknown,0.0400401317870822,0.0454128968131718,620.861513045359,479.376176009056,0.040133092912418,0.0456732353371757,0.0236559115180294,0.0641526203096376,0.0391782391948608,0.0142834941347298,0.0422802375666945,0.0142834941347298,96.2735512420871,59.594925979363,3.79029933975609,2.34625819530012,0.0485713531803079,0.0256388442273839,0.0220633538343953,0.0448537421867952,0.00982241279198168,0.00491877100058608,1.91225903184404,1.00940386111653,0.868636446795527,1.76589631526835,0.386709373861598,0.193652506170174
REF01,a,Zeiss reference sphere,Circular,Max Fomitchev-Zamilov,,,43942.8870044462,,,,0.00652622402984445,,0.0176063164245039,0.00241910908907905,,,27.5599179516921,,1.08503672574991,,0.0214424625959074,0.00365205263238667,0.00246540272339802,,,,0.844191896647134,0.143781677342327,0.0970631517604524,,,
RV001,a,CNC machined replica,Circular,Unknown,0.108278536891322,0.518346637633005,83.8648330116423,3.67893863716189,0.109196836486588,0.521361224454279,0.0765841438505734,0.295217880643349,0.107033247133101,0.0547972825867065,0.081847036132337,0.0547972825867065,258.051439312255,1138.65742876348,10.1595109708674,44.8290568361611,0.119524493076344,0.0768870114989969,0.0616399347369145,0.101359411935717,0.691031141730859,0.346266875096905,4.70569124486497,3.02704933141666,2.4267703945858,3.99053018385039,27.2059651530581,13.6325614992526
RV002,a,Replica created using hand tools and a ball-bearing rotary table,Circular,Unknown,0.144874702625389,0.371230028493616,46.6994637566461,7.2436319193547,0.146333598728704,0.371553890487431,0.0684537064453333,0.532732868130441,0.11010251262876,0.0425595185270989,0.359017540164671,0.0425595185270989,206.148281821885,564.661163459116,8.1160784701558,22.2307664715018,0.122377153243955,0.0491212428081155,0.0346498857698145,0.348810607926424,0.147937495708373,0.0679130598243187,4.81800076092984,1.93390824147979,1.36416946774617,13.7327085151241,5.82431399978823,2.67374395658941
RV003,a,,Circular,Unknown,0.497213532968791,0.546586536097458,1.46056061889661,1.53369698954746,0.827447047064529,0.807477105263831,0.561780444535434,0.871153013257101,0.546497276989032,0.577491016243002,0.349877681546487,0.577491016243002,1667.5682120474,1875.93137474191,65.6523272651273,73.8556058167264,0.586814327108819,0.603895282881375,0.476858602057206,0.401988625678026,0.901064917354763,0.572877831709119,23.1029387397069,23.775417676568,18.7739708488524,15.8263323918064,35.4750159027488,22.5542575221712
